{"cameraMode":{"drawMode":0,"name":"Shaded","section":"Shading Mode"},"sceneLighting":true,"audioPlay":false,"sceneViewState":{"m_AlwaysRefresh":false,"showFog":true,"showSkybox":true,"showFlares":true,"showImageEffects":true,"showParticleSystems":true,"showVisualEffectGraphs":true,"m_FxEnabled":true},"in2DMode":false,"pivot":{"x":1.1104810237884522,"y":-0.2901817560195923,"z":0.18372535705566407},"rotation":{"x":0.0449817031621933,"y":0.011987562291324139,"z":-0.0005398548673838377,"w":0.9989179968833923},"size":5.731602668762207,"orthographic":false}