{"cameraMode":{"drawMode":0,"name":"Shaded","section":"Shading Mode"},"sceneLighting":true,"audioPlay":false,"sceneViewState":{"m_AlwaysRefresh":false,"showFog":true,"showSkybox":true,"showFlares":true,"showImageEffects":true,"showParticleSystems":true,"showVisualEffectGraphs":true,"m_FxEnabled":true},"in2DMode":false,"pivot":{"x":18.834135055541993,"y":10.484140396118164,"z":24.082263946533204},"rotation":{"x":-0.020560311153531076,"y":0.9790351390838623,"z":-0.12819436192512513,"w":-0.15699538588523866},"size":8.903650283813477,"orthographic":false}